Campaign,Ad Group,Keyword,Match Type
SPM Solar - Search,Solar Quotes,solar quotes,Phrase
SPM Solar - Search,Solar Quotes,solar quotes,Exact
SPM Solar - Search,Solar Quotes,solar panel quotes,Phrase
SPM Solar - Search,Solar Quotes,free solar quote,Phrase
SPM Solar - Search,Solar Quotes,get a solar quote,Phrase
SPM Solar - Search,Solar Quotes,compare solar quotes,Phrase
SPM Solar - Search,Solar Quotes,solar quote online,Phrase
SPM Solar - Search,Solar Cost,solar panel cost,Phrase
SPM Solar - Search,Solar Cost,solar panel cost,Exact
SPM Solar - Search,Solar Cost,cost of solar panels,Phrase
SPM Solar - Search,Solar Cost,how much do solar panels cost,Phrase
SPM Solar - Search,Solar Cost,solar panel installation cost,Phrase
SPM Solar - Search,Solar Cost,residential solar cost,Phrase
SPM Solar - Search,Solar Installers,solar installers near me,Phrase
SPM Solar - Search,Solar Installers,solar installers near me,Exact
SPM Solar - Search,Solar Installers,local solar installers,Phrase
SPM Solar - Search,Solar Installers,solar companies near me,Phrase
SPM Solar - Search,Solar Installers,best solar company,Phrase
SPM Solar - Search,Solar Installers,solar panel installers,Phrase
SPM Solar - Search,Solar Savings,solar panels 0 down,Phrase
SPM Solar - Search,Solar Savings,no money down solar,Phrase
SPM Solar - Search,Solar Savings,solar financing,Phrase
SPM Solar - Search,Solar Savings,solar panel savings,Phrase
SPM Solar - Search,Solar Savings,how much can solar save,Phrase
SPM Solar - Search,Solar Incentives,solar tax credit,Phrase
SPM Solar - Search,Solar Incentives,solar incentives,Phrase
SPM Solar - Search,Solar Incentives,solar rebate,Phrase
SPM Solar - Search,Solar Incentives,federal solar tax credit,Phrase
SPM Solar - Search,Solar Incentives,solar panel incentives,Phrase
SPM Solar - Search,Solar Residential,residential solar panels,Phrase
SPM Solar - Search,Solar Residential,install solar panels,Phrase
SPM Solar - Search,Solar Residential,get solar panels,Phrase
SPM Solar - Search,Solar Residential,solar panels for home,Phrase
SPM Solar - Search,Solar Residential,rooftop solar,Phrase
