Zip Code,State,Country
92307,CA,United States
92308,CA,United States
92223,CA,United States
92316,CA,United States
92318,CA,United States
92230,CA,United States
92320,CA,United States
92234,CA,United States
92235,CA,United States
91708,CA,United States
91710,CA,United States
91709,CA,United States
92877,CA,United States
92878,CA,United States
92879,CA,United States
92881,CA,United States
92880,CA,United States
92883,CA,United States
92882,CA,United States
92239,CA,United States
92240,CA,United States
92258,CA,United States
92337,CA,United States
92336,CA,United States
92334,CA,United States
92335,CA,United States
92331,CA,United States
92313,CA,United States
92342,CA,United States
92545,CA,United States
92543,CA,United States
92546,CA,United States
92544,CA,United States
92340,CA,United States
92345,CA,United States
92344,CA,United States
92346,CA,United States
92548,CA,United States
92509,CA,United States
92532,CA,United States
92530,CA,United States
92531,CA,United States
92354,CA,United States
92350,CA,United States
92357,CA,United States
92518,CA,United States
92587,CA,United States
92586,CA,United States
92585,CA,United States
92584,CA,United States
92359,CA,United States
91752,CA,United States
91763,CA,United States
92562,CA,United States
92563,CA,United States
92564,CA,United States
92860,CA,United States
92567,CA,United States
91761,CA,United States
91764,CA,United States
91762,CA,United States
91743,CA,United States
91758,CA,United States
92261,CA,United States
92255,CA,United States
92260,CA,United States
92264,CA,United States
92262,CA,United States
92263,CA,United States
92570,CA,United States
92571,CA,United States
92572,CA,United States
92599,CA,United States
91737,CA,United States
91730,CA,United States
91701,CA,United States
91739,CA,United States
91729,CA,United States
92270,CA,United States
92374,CA,United States
92375,CA,United States
92373,CA,United States
92376,CA,United States
92377,CA,United States
92519,CA,United States
92407,CA,United States
92404,CA,United States
92405,CA,United States
92402,CA,United States
92403,CA,United States
92401,CA,United States
92406,CA,United States
92411,CA,United States
92413,CA,United States
92408,CA,United States
92410,CA,United States
92423,CA,United States
92427,CA,United States
92415,CA,United States
92418,CA,United States
92581,CA,United States
92583,CA,United States
92582,CA,United States
92591,CA,United States
92592,CA,United States
92593,CA,United States
92589,CA,United States
92590,CA,United States
91786,CA,United States
91784,CA,United States
91785,CA,United States
92395,CA,United States
92392,CA,United States
92393,CA,United States
92394,CA,United States
92282,CA,United States
92595,CA,United States
92596,CA,United States
92399,CA,United States
33572,FL,United States
34679,FL,United States
33786,FL,United States
34464,FL,United States
34465,FL,United States
34201,FL,United States
34202,FL,United States
34203,FL,United States
34204,FL,United States
34205,FL,United States
34206,FL,United States
34207,FL,United States
34208,FL,United States
34209,FL,United States
34210,FL,United States
34211,FL,United States
34212,FL,United States
33508,FL,United States
33509,FL,United States
33510,FL,United States
33511,FL,United States
33584,FL,United States
33728,FL,United States
33729,FL,United States
33740,FL,United States
33741,FL,United States
33742,FL,United States
33743,FL,United States
33744,FL,United States
33747,FL,United States
33755,FL,United States
33756,FL,United States
33757,FL,United States
33758,FL,United States
33759,FL,United States
33760,FL,United States
33761,FL,United States
33762,FL,United States
33763,FL,United States
33764,FL,United States
33765,FL,United States
33766,FL,United States
33767,FL,United States
33769,FL,United States
34423,FL,United States
34428,FL,United States
34429,FL,United States
33523,FL,United States
33524,FL,United States
33525,FL,United States
33526,FL,United States
33540,FL,United States
33541,FL,United States
33527,FL,United States
33543,FL,United States
33544,FL,United States
34660,FL,United States
33534,FL,United States
33707,FL,United States
33737,FL,United States
34442,FL,United States
34445,FL,United States
34447,FL,United States
34690,FL,United States
34691,FL,United States
34446,FL,United States
34448,FL,United States
34610,FL,United States
34667,FL,United States
34669,FL,United States
34674,FL,United States
33785,FL,United States
34450,FL,United States
34451,FL,United States
34452,FL,United States
34453,FL,United States
34487,FL,United States
33709,FL,United States
34638,FL,United States
34639,FL,United States
34698,FL,United States
33770,FL,United States
33771,FL,United States
33773,FL,United States
33774,FL,United States
33775,FL,United States
33784,FL,United States
34460,FL,United States
34461,FL,United States
33571,FL,United States
33548,FL,United States
33549,FL,United States
33558,FL,United States
33708,FL,United States
33738,FL,United States
33550,FL,United States
34652,FL,United States
34653,FL,United States
34654,FL,United States
34655,FL,United States
34656,FL,United States
34680,FL,United States
34681,FL,United States
34682,FL,United States
34683,FL,United States
34243,FL,United States
33556,FL,United States
33559,FL,United States
34677,FL,United States
34684,FL,United States
34685,FL,United States
33777,FL,United States
33779,FL,United States
33780,FL,United States
33781,FL,United States
33782,FL,United States
34668,FL,United States
34673,FL,United States
34688,FL,United States
33568,FL,United States
33569,FL,United States
33578,FL,United States
33579,FL,United States
33570,FL,United States
33574,FL,United States
33575,FL,United States
33576,FL,United States
34215,FL,United States
34216,FL,United States
34217,FL,United States
34218,FL,United States
34219,FL,United States
34220,FL,United States
34221,FL,United States
34222,FL,United States
34228,FL,United States
33583,FL,United States
33586,FL,United States
33772,FL,United States
33776,FL,United States
33778,FL,United States
33706,FL,United States
33736,FL,United States
33701,FL,United States
33702,FL,United States
33703,FL,United States
33704,FL,United States
33705,FL,United States
33710,FL,United States
33711,FL,United States
33712,FL,United States
33713,FL,United States
33714,FL,United States
33716,FL,United States
33730,FL,United States
33731,FL,United States
33732,FL,United States
33733,FL,United States
33734,FL,United States
33573,FL,United States
33618,FL,United States
33619,FL,United States
33624,FL,United States
33625,FL,United States
33634,FL,United States
33635,FL,United States
33647,FL,United States
33688,FL,United States
33689,FL,United States
33694,FL,United States
33626,FL,United States
34689,FL,United States
33617,FL,United States
33637,FL,United States
33684,FL,United States
33687,FL,United States
33715,FL,United States
34695,FL,United States
34697,FL,United States
33594,FL,United States
33595,FL,United States
33596,FL,United States
34250,FL,United States
34251,FL,United States
34260,FL,United States
34264,FL,United States
33593,FL,United States
33539,FL,United States
33542,FL,United States
33598,FL,United States
34280,FL,United States
34281,FL,United States
34282,FL,United States
34231,FL,United States
34232,FL,United States
34233,FL,United States
34234,FL,United States
34235,FL,United States
34236,FL,United States
34237,FL,United States
34238,FL,United States
34239,FL,United States
34240,FL,United States
34241,FL,United States
34242,FL,United States
34223,FL,United States
34230,FL,United States
34276,FL,United States
34277,FL,United States
34734,FL,United States
33896,FL,United States
33897,FL,United States
34759,FL,United States
33858,FL,United States
33836,FL,United States
33837,FL,United States
33844,FL,United States
33845,FL,United States
33838,FL,United States
33848,FL,United States
34746,FL,United States
34758,FL,United States
33853,FL,United States
33859,FL,United States
92503,CA,United States
92211,CA,United States
92301,CA,United States
92356,CA,United States
92256,CA,United States
92371,CA,United States
92329,CA,United States
92372,CA,United States
92284,CA,United States
92286,CA,United States
92252,CA,United States
92277,CA,United States
92278,CA,United States
92412,CA,United States
92414,CA,United States
92324,CA,United States
92366,CA,United States
92368,CA,United States
92369,CA,United States
92220,CA,United States
92241,CA,United States
92276,CA,United States
92501,CA,United States
92502,CA,United States
92504,CA,United States
92505,CA,United States
92506,CA,United States
92507,CA,United States
92508,CA,United States
92513,CA,United States
92514,CA,United States
92516,CA,United States
92517,CA,United States
92521,CA,United States
92522,CA,United States
92551,CA,United States
92552,CA,United States
92553,CA,United States
92554,CA,United States
92555,CA,United States
92556,CA,United States
92557,CA,United States
92091,CA,United States
92061,CA,United States
92003,CA,United States
92008,CA,United States
92009,CA,United States
92010,CA,United States
92011,CA,United States
92013,CA,United States
92018,CA,United States
92023,CA,United States
92024,CA,United States
92025,CA,United States
92026,CA,United States
92027,CA,United States
92028,CA,United States
92029,CA,United States
92030,CA,United States
92033,CA,United States
92046,CA,United States
92049,CA,United States
92051,CA,United States
92052,CA,United States
92054,CA,United States
92056,CA,United States
92057,CA,United States
92058,CA,United States
92059,CA,United States
92069,CA,United States
92078,CA,United States
92079,CA,United States
92081,CA,United States
92082,CA,United States
92083,CA,United States
92084,CA,United States
92085,CA,United States
92088,CA,United States
92065,CA,United States
92064,CA,United States
92074,CA,United States
92127,CA,United States
92128,CA,United States
34740,FL,United States
34760,FL,United States
34761,FL,United States
34777,FL,United States
34778,FL,United States
32738,FL,United States
32739,FL,United States
32744,FL,United States
32753,FL,United States
32763,FL,United States
32764,FL,United States
32774,FL,United States
34711,FL,United States
32778,FL,United States
34715,FL,United States
34749,FL,United States
34762,FL,United States
32735,FL,United States
32736,FL,United States
32776,FL,United States
34713,FL,United States
34731,FL,United States
32756,FL,United States
32757,FL,United States
34755,FL,United States
34705,FL,United States
34712,FL,United States
34714,FL,United States
34729,FL,United States
34737,FL,United States
34748,FL,United States
34756,FL,United States
32784,FL,United States
32745,FL,United States
32701,FL,United States
32714,FL,United States
32715,FL,United States
32716,FL,United States
32703,FL,United States
32704,FL,United States
32712,FL,United States
32820,FL,United States
32706,FL,United States
32707,FL,United States
32718,FL,United States
32730,FL,United States
32708,FL,United States
32719,FL,United States
34747,FL,United States
32766,FL,United States
32710,FL,United States
32713,FL,United States
32720,FL,United States
32721,FL,United States
32724,FL,United States
32725,FL,United States
32728,FL,United States
32726,FL,United States
32727,FL,United States
33840,FL,United States
32732,FL,United States
32733,FL,United States
34745,FL,United States
34741,FL,United States
34742,FL,United States
34744,FL,United States
34743,FL,United States
32158,FL,United States
32159,FL,United States
32830,FL,United States
32795,FL,United States
32746,FL,United States
32747,FL,United States
34789,FL,United States
34788,FL,United States
32750,FL,United States
32752,FL,United States
32779,FL,United States
32791,FL,United States
32751,FL,United States
32794,FL,United States
32799,FL,United States
32814,FL,United States
32834,FL,United States
32803,FL,United States
32804,FL,United States
32805,FL,United States
32806,FL,United States
32802,FL,United States
32801,FL,United States
32826,FL,United States
32828,FL,United States
32807,FL,United States
32822,FL,United States
32819,FL,United States
32833,FL,United States
32829,FL,United States
32812,FL,United States
32853,FL,United States
32854,FL,United States
32855,FL,United States
32856,FL,United States
32857,FL,United States
32858,FL,United States
32859,FL,United States
32860,FL,United States
32861,FL,United States
32862,FL,United States
32836,FL,United States
32809,FL,United States
32818,FL,United States
32837,FL,United States
32821,FL,United States
32891,FL,United States
32832,FL,United States
32827,FL,United States
32810,FL,United States
32824,FL,United States
32835,FL,United States
32839,FL,United States
32811,FL,United States
32867,FL,United States
32868,FL,United States
32869,FL,United States
32872,FL,United States
32877,FL,United States
32878,FL,United States
32808,FL,United States
32816,FL,United States
32817,FL,United States
32825,FL,United States
32885,FL,United States
32886,FL,United States
32887,FL,United States
32896,FL,United States
32897,FL,United States
32831,FL,United States
32762,FL,United States
32765,FL,United States
32768,FL,United States
32772,FL,United States
32773,FL,United States
32771,FL,United States
34769,FL,United States
34770,FL,United States
34771,FL,United States
34772,FL,United States
34773,FL,United States
32777,FL,United States
34786,FL,United States
34787,FL,United States
32789,FL,United States
32790,FL,United States
32792,FL,United States
32793,FL,United States
34797,FL,United States
32798,FL,United States
34421,FL,United States
34420,FL,United States
32723,FL,United States
32180,FL,United States
33097,FL,United States
33060,FL,United States
33061,FL,United States
33077,FL,United States
33069,FL,United States
33071,FL,United States
33063,FL,United States
33066,FL,United States
33062,FL,United States
33075,FL,United States
33065,FL,United States
33074,FL,United States
33064,FL,United States
33073,FL,United States
33067,FL,United States
33442,FL,United States
33076,FL,United States
33441,FL,United States
33443,FL,United States
33486,FL,United States
33432,FL,United States
33433,FL,United States
33428,FL,United States
33427,FL,United States
33429,FL,United States
33481,FL,United States
33497,FL,United States
33499,FL,United States
33488,FL,United States
33431,FL,United States
33434,FL,United States
33498,FL,United States
33487,FL,United States
33496,FL,United States
33484,FL,United States
33445,FL,United States
33446,FL,United States
33444,FL,United States
33482,FL,United States
33448,FL,United States
33483,FL,United States
33473,FL,United States
33437,FL,United States
33435,FL,United States
33474,FL,United States
33424,FL,United States
33425,FL,United States
33436,FL,United States
33426,FL,United States
33472,FL,United States
33462,FL,United States
33467,FL,United States
33463,FL,United States
32949,FL,United States
33841,FL,United States
33823,FL,United States
33820,FL,United States
33839,FL,United States
33830,FL,United States
33831,FL,United States
33877,FL,United States
33537,FL,United States
33846,FL,United States
33850,FL,United States
33851,FL,United States
33801,FL,United States
33802,FL,United States
33803,FL,United States
33804,FL,United States
33805,FL,United States
33806,FL,United States
33807,FL,United States
33810,FL,United States
33811,FL,United States
33812,FL,United States
33813,FL,United States
33815,FL,United States
33547,FL,United States
33566,FL,United States
33863,FL,United States
34270,FL,United States
33880,FL,United States
33881,FL,United States
33882,FL,United States
33883,FL,United States
33884,FL,United States
33885,FL,United States
33888,FL,United States
07001,NJ,United States
07003,NJ,United States
07004,NJ,United States
07005,NJ,United States
07006,NJ,United States
07008,NJ,United States
07009,NJ,United States
07010,NJ,United States
07011,NJ,United States
07012,NJ,United States
07013,NJ,United States
07014,NJ,United States
07016,NJ,United States
07020,NJ,United States
07021,NJ,United States
07022,NJ,United States
07023,NJ,United States
07024,NJ,United States
07026,NJ,United States
07027,NJ,United States
07028,NJ,United States
07029,NJ,United States
07031,NJ,United States
07032,NJ,United States
07033,NJ,United States
07034,NJ,United States
07035,NJ,United States
07036,NJ,United States
07040,NJ,United States
07041,NJ,United States
07042,NJ,United States
07043,NJ,United States
07044,NJ,United States
07045,NJ,United States
07046,NJ,United States
07047,NJ,United States
07050,NJ,United States
07052,NJ,United States
07054,NJ,United States
07055,NJ,United States
07057,NJ,United States
07058,NJ,United States
07059,NJ,United States
07060,NJ,United States
07062,NJ,United States
07063,NJ,United States
07064,NJ,United States
07065,NJ,United States
07066,NJ,United States
07067,NJ,United States
07068,NJ,United States
07069,NJ,United States
07070,NJ,United States
07071,NJ,United States
07072,NJ,United States
07073,NJ,United States
07074,NJ,United States
07075,NJ,United States
07076,NJ,United States
07077,NJ,United States
07078,NJ,United States
07079,NJ,United States
07080,NJ,United States
07081,NJ,United States
07082,NJ,United States
07086,NJ,United States
07088,NJ,United States
07090,NJ,United States
07092,NJ,United States
07093,NJ,United States
07094,NJ,United States
07095,NJ,United States
07099,NJ,United States
07109,NJ,United States
07110,NJ,United States
07111,NJ,United States
07201,NJ,United States
07202,NJ,United States
07203,NJ,United States
07204,NJ,United States
07205,NJ,United States
07206,NJ,United States
07208,NJ,United States
07401,NJ,United States
07403,NJ,United States
07407,NJ,United States
07410,NJ,United States
07417,NJ,United States
07420,NJ,United States
07421,NJ,United States
07423,NJ,United States
07424,NJ,United States
07430,NJ,United States
07432,NJ,United States
07435,NJ,United States
07436,NJ,United States
07438,NJ,United States
07440,NJ,United States
07442,NJ,United States
07444,NJ,United States
07446,NJ,United States
07450,NJ,United States
07452,NJ,United States
07456,NJ,United States
07457,NJ,United States
07458,NJ,United States
07463,NJ,United States
07465,NJ,United States
07470,NJ,United States
07480,NJ,United States
07481,NJ,United States
07495,NJ,United States
07506,NJ,United States
07508,NJ,United States
07512,NJ,United States
07601,NJ,United States
07603,NJ,United States
07604,NJ,United States
07605,NJ,United States
07606,NJ,United States
07607,NJ,United States
07608,NJ,United States
07621,NJ,United States
07624,NJ,United States
07626,NJ,United States
07627,NJ,United States
07628,NJ,United States
07630,NJ,United States
07631,NJ,United States
07632,NJ,United States
07640,NJ,United States
07641,NJ,United States
07642,NJ,United States
07643,NJ,United States
07644,NJ,United States
07645,NJ,United States
07646,NJ,United States
07647,NJ,United States
07648,NJ,United States
07649,NJ,United States
07650,NJ,United States
07652,NJ,United States
07656,NJ,United States
07657,NJ,United States
07660,NJ,United States
07661,NJ,United States
07662,NJ,United States
07663,NJ,United States
07666,NJ,United States
07670,NJ,United States
07675,NJ,United States
07676,NJ,United States
07677,NJ,United States
07699,NJ,United States
07701,NJ,United States
07702,NJ,United States
07703,NJ,United States
07704,NJ,United States
07711,NJ,United States
07712,NJ,United States
07715,NJ,United States
07716,NJ,United States
07717,NJ,United States
07718,NJ,United States
07719,NJ,United States
07720,NJ,United States
07721,NJ,United States
07722,NJ,United States
07723,NJ,United States
07724,NJ,United States
07726,NJ,United States
07727,NJ,United States
07728,NJ,United States
07730,NJ,United States
07731,NJ,United States
07732,NJ,United States
07733,NJ,United States
07734,NJ,United States
07735,NJ,United States
07737,NJ,United States
07738,NJ,United States
07739,NJ,United States
07740,NJ,United States
07746,NJ,United States
07747,NJ,United States
07748,NJ,United States
07750,NJ,United States
07751,NJ,United States
07753,NJ,United States
07755,NJ,United States
07757,NJ,United States
07758,NJ,United States
07760,NJ,United States
07762,NJ,United States
07764,NJ,United States
07799,NJ,United States
07801,NJ,United States
07803,NJ,United States
07806,NJ,United States
07823,NJ,United States
07825,NJ,United States
07828,NJ,United States
07830,NJ,United States
07831,NJ,United States
07832,NJ,United States
07834,NJ,United States
07836,NJ,United States
07838,NJ,United States
07840,NJ,United States
07847,NJ,United States
07849,NJ,United States
07850,NJ,United States
07852,NJ,United States
07853,NJ,United States
07856,NJ,United States
07857,NJ,United States
07863,NJ,United States
07865,NJ,United States
07866,NJ,United States
07869,NJ,United States
07876,NJ,United States
07882,NJ,United States
07885,NJ,United States
07901,NJ,United States
07920,NJ,United States
07921,NJ,United States
07922,NJ,United States
07924,NJ,United States
07927,NJ,United States
07928,NJ,United States
07930,NJ,United States
07931,NJ,United States
07932,NJ,United States
07933,NJ,United States
07934,NJ,United States
07935,NJ,United States
07936,NJ,United States
07939,NJ,United States
07940,NJ,United States
07945,NJ,United States
07946,NJ,United States
07950,NJ,United States
07960,NJ,United States
07974,NJ,United States
07976,NJ,United States
07980,NJ,United States
07981,NJ,United States
07999,NJ,United States
08002,NJ,United States
08003,NJ,United States
08004,NJ,United States
08005,NJ,United States
08007,NJ,United States
08008,NJ,United States
08009,NJ,United States
08010,NJ,United States
08012,NJ,United States
08014,NJ,United States
08015,NJ,United States
08016,NJ,United States
08019,NJ,United States
08020,NJ,United States
08021,NJ,United States
08022,NJ,United States
08026,NJ,United States
08027,NJ,United States
08028,NJ,United States
08029,NJ,United States
08031,NJ,United States
08032,NJ,United States
08033,NJ,United States
08034,NJ,United States
08035,NJ,United States
08036,NJ,United States
08037,NJ,United States
08041,NJ,United States
08043,NJ,United States
08045,NJ,United States
08046,NJ,United States
08048,NJ,United States
08049,NJ,United States
08050,NJ,United States
08051,NJ,United States
08052,NJ,United States
08053,NJ,United States
08054,NJ,United States
08055,NJ,United States
08056,NJ,United States
08057,NJ,United States
08059,NJ,United States
08060,NJ,United States
08061,NJ,United States
08062,NJ,United States
08063,NJ,United States
08065,NJ,United States
08066,NJ,United States
08067,NJ,United States
08068,NJ,United States
08069,NJ,United States
08070,NJ,United States
08071,NJ,United States
08075,NJ,United States
08077,NJ,United States
08078,NJ,United States
08079,NJ,United States
08080,NJ,United States
08081,NJ,United States
08083,NJ,United States
08084,NJ,United States
08085,NJ,United States
08086,NJ,United States
08087,NJ,United States
08088,NJ,United States
08089,NJ,United States
08090,NJ,United States
08091,NJ,United States
08092,NJ,United States
08093,NJ,United States
08094,NJ,United States
08096,NJ,United States
08097,NJ,United States
08098,NJ,United States
08106,NJ,United States
08107,NJ,United States
08108,NJ,United States
08109,NJ,United States
08110,NJ,United States
08201,NJ,United States
08202,NJ,United States
08203,NJ,United States
08215,NJ,United States
08221,NJ,United States
08223,NJ,United States
08225,NJ,United States
08226,NJ,United States
08230,NJ,United States
08232,NJ,United States
08241,NJ,United States
08242,NJ,United States
08243,NJ,United States
08244,NJ,United States
08247,NJ,United States
08251,NJ,United States
08260,NJ,United States
08270,NJ,United States
08302,NJ,United States
08310,NJ,United States
08311,NJ,United States
08312,NJ,United States
08314,NJ,United States
08317,NJ,United States
08318,NJ,United States
08319,NJ,United States
08322,NJ,United States
08323,NJ,United States
08324,NJ,United States
08326,NJ,United States
08327,NJ,United States
08328,NJ,United States
08330,NJ,United States
08332,NJ,United States
08340,NJ,United States
08341,NJ,United States
08343,NJ,United States
08345,NJ,United States
08346,NJ,United States
08348,NJ,United States
08349,NJ,United States
08350,NJ,United States
08353,NJ,United States
08360,NJ,United States
08361,NJ,United States
08401,NJ,United States
08402,NJ,United States
08403,NJ,United States
08405,NJ,United States
08406,NJ,United States
08501,NJ,United States
08502,NJ,United States
08505,NJ,United States
08510,NJ,United States
08511,NJ,United States
08512,NJ,United States
08514,NJ,United States
08515,NJ,United States
08518,NJ,United States
08520,NJ,United States
08525,NJ,United States
08527,NJ,United States
08528,NJ,United States
08530,NJ,United States
08533,NJ,United States
08534,NJ,United States
08535,NJ,United States
08536,NJ,United States
08540,NJ,United States
08541,NJ,United States
08542,NJ,United States
08544,NJ,United States
08550,NJ,United States
08551,NJ,United States
08553,NJ,United States
08554,NJ,United States
08556,NJ,United States
08558,NJ,United States
08559,NJ,United States
08560,NJ,United States
08562,NJ,United States
08608,NJ,United States
08609,NJ,United States
08610,NJ,United States
08611,NJ,United States
08618,NJ,United States
08619,NJ,United States
08620,NJ,United States
08628,NJ,United States
08629,NJ,United States
08638,NJ,United States
08640,NJ,United States
08641,NJ,United States
08645,NJ,United States
08646,NJ,United States
08647,NJ,United States
08648,NJ,United States
08666,NJ,United States
08690,NJ,United States
08691,NJ,United States
08695,NJ,United States
08701,NJ,United States
08721,NJ,United States
08722,NJ,United States
08723,NJ,United States
08724,NJ,United States
08730,NJ,United States
08731,NJ,United States
08733,NJ,United States
08734,NJ,United States
08735,NJ,United States
08736,NJ,United States
08738,NJ,United States
08741,NJ,United States
08742,NJ,United States
08750,NJ,United States
08751,NJ,United States
08752,NJ,United States
08753,NJ,United States
08755,NJ,United States
08757,NJ,United States
08758,NJ,United States
08759,NJ,United States
08801,NJ,United States
08802,NJ,United States
08804,NJ,United States
08805,NJ,United States
08807,NJ,United States
08809,NJ,United States
08810,NJ,United States
08812,NJ,United States
08816,NJ,United States
08817,NJ,United States
08820,NJ,United States
08822,NJ,United States
08823,NJ,United States
08824,NJ,United States
08825,NJ,United States
08826,NJ,United States
08827,NJ,United States
08828,NJ,United States
08829,NJ,United States
08830,NJ,United States
08831,NJ,United States
08832,NJ,United States
08835,NJ,United States
08836,NJ,United States
08837,NJ,United States
08840,NJ,United States
08844,NJ,United States
08846,NJ,United States
08848,NJ,United States
08852,NJ,United States
08853,NJ,United States
08854,NJ,United States
08857,NJ,United States
08859,NJ,United States
08861,NJ,United States
08863,NJ,United States
08865,NJ,United States
08867,NJ,United States
08869,NJ,United States
08872,NJ,United States
08873,NJ,United States
08876,NJ,United States
08879,NJ,United States
08880,NJ,United States
08884,NJ,United States
08886,NJ,United States
08887,NJ,United States
08889,NJ,United States
08899,NJ,United States
08901,NJ,United States
08902,NJ,United States
08904,NJ,United States
08933,NJ,United States
08989,NJ,United States
18003,PA,United States
18013,PA,United States
18014,PA,United States
18015,PA,United States
18016,PA,United States
18017,PA,United States
18018,PA,United States
18020,PA,United States
18035,PA,United States
18038,PA,United States
18040,PA,United States
18041,PA,United States
18042,PA,United States
18045,PA,United States
18054,PA,United States
18055,PA,United States
18064,PA,United States
18067,PA,United States
18070,PA,United States
18072,PA,United States
18073,PA,United States
18074,PA,United States
18076,PA,United States
18077,PA,United States
18088,PA,United States
18091,PA,United States
18343,PA,United States
18901,PA,United States
18902,PA,United States
18913,PA,United States
18914,PA,United States
18915,PA,United States
18917,PA,United States
18920,PA,United States
18923,PA,United States
18925,PA,United States
18927,PA,United States
18929,PA,United States
18930,PA,United States
18932,PA,United States
18933,PA,United States
18934,PA,United States
18936,PA,United States
18938,PA,United States
18940,PA,United States
18942,PA,United States
18944,PA,United States
18947,PA,United States
18951,PA,United States
18954,PA,United States
18955,PA,United States
18960,PA,United States
18964,PA,United States
18966,PA,United States
18969,PA,United States
18972,PA,United States
18974,PA,United States
18976,PA,United States
18977,PA,United States
18991,PA,United States
19001,PA,United States
19002,PA,United States
19003,PA,United States
19004,PA,United States
19006,PA,United States
19007,PA,United States
19008,PA,United States
19010,PA,United States
19012,PA,United States
19014,PA,United States
19015,PA,United States
19018,PA,United States
19020,PA,United States
19021,PA,United States
19022,PA,United States
19025,PA,United States
19026,PA,United States
19027,PA,United States
19029,PA,United States
19030,PA,United States
19031,PA,United States
19032,PA,United States
19033,PA,United States
19034,PA,United States
19035,PA,United States
19036,PA,United States
19038,PA,United States
19040,PA,United States
19041,PA,United States
19043,PA,United States
19044,PA,United States
19046,PA,United States
19047,PA,United States
19048,PA,United States
19049,PA,United States
19050,PA,United States
19053,PA,United States
19054,PA,United States
19055,PA,United States
19056,PA,United States
19057,PA,United States
19060,PA,United States
19061,PA,United States
19064,PA,United States
19066,PA,United States
19067,PA,United States
19070,PA,United States
19072,PA,United States
19073,PA,United States
19074,PA,United States
19075,PA,United States
19076,PA,United States
19078,PA,United States
19079,PA,United States
19081,PA,United States
19083,PA,United States
19085,PA,United States
19086,PA,United States
19087,PA,United States
19090,PA,United States
19094,PA,United States
19095,PA,United States
19096,PA,United States
19098,PA,United States
19113,PA,United States
19301,PA,United States
19310,PA,United States
19311,PA,United States
19312,PA,United States
19319,PA,United States
19320,PA,United States
19330,PA,United States
19333,PA,United States
19335,PA,United States
19339,PA,United States
19340,PA,United States
19341,PA,United States
19342,PA,United States
19343,PA,United States
19344,PA,United States
19348,PA,United States
19350,PA,United States
19352,PA,United States
19355,PA,United States
19362,PA,United States
19363,PA,United States
19365,PA,United States
19372,PA,United States
19373,PA,United States
19374,PA,United States
19380,PA,United States
19382,PA,United States
19383,PA,United States
19390,PA,United States
19401,PA,United States
19403,PA,United States
19405,PA,United States
19406,PA,United States
19415,PA,United States
19422,PA,United States
19424,PA,United States
19425,PA,United States
19426,PA,United States
19428,PA,United States
19429,PA,United States
19435,PA,United States
19436,PA,United States
19438,PA,United States
19440,PA,United States
19441,PA,United States
19444,PA,United States
19446,PA,United States
19453,PA,United States
19454,PA,United States
19455,PA,United States
19460,PA,United States
19462,PA,United States
19464,PA,United States
19465,PA,United States
19468,PA,United States
19473,PA,United States
19475,PA,United States
19477,PA,United States
19492,PA,United States
19493,PA,United States
19494,PA,United States
19495,PA,United States
19496,PA,United States
19520,PA,United States
19525,PA,United States
16801,PA,United States
16802,PA,United States
16803,PA,United States
16820,PA,United States
16823,PA,United States
16827,PA,United States
16828,PA,United States
16829,PA,United States
16832,PA,United States
16841,PA,United States
16844,PA,United States
16852,PA,United States
16854,PA,United States
16859,PA,United States
16864,PA,United States
16865,PA,United States
16866,PA,United States
16870,PA,United States
16872,PA,United States
16874,PA,United States
16875,PA,United States
16882,PA,United States
17002,PA,United States
17003,PA,United States
17004,PA,United States
17006,PA,United States
17007,PA,United States
17009,PA,United States
17011,PA,United States
17013,PA,United States
17014,PA,United States
17015,PA,United States
17017,PA,United States
17018,PA,United States
17019,PA,United States
17020,PA,United States
17021,PA,United States
17022,PA,United States
17023,PA,United States
17024,PA,United States
17025,PA,United States
17026,PA,United States
17028,PA,United States
17029,PA,United States
17030,PA,United States
17032,PA,United States
17033,PA,United States
17034,PA,United States
17035,PA,United States
17036,PA,United States
17037,PA,United States
17038,PA,United States
17040,PA,United States
17042,PA,United States
17043,PA,United States
17044,PA,United States
17045,PA,United States
17046,PA,United States
17047,PA,United States
17048,PA,United States
17049,PA,United States
17050,PA,United States
17051,PA,United States
17053,PA,United States
17055,PA,United States
17057,PA,United States
17058,PA,United States
17059,PA,United States
17061,PA,United States
17062,PA,United States
17063,PA,United States
17065,PA,United States
17067,PA,United States
17068,PA,United States
17070,PA,United States
17073,PA,United States
17074,PA,United States
17076,PA,United States
17078,PA,United States
17082,PA,United States
17084,PA,United States
17086,PA,United States
17087,PA,United States
17089,PA,United States
17090,PA,United States
17094,PA,United States
17098,PA,United States
17099,PA,United States
17101,PA,United States
17102,PA,United States
17103,PA,United States
17104,PA,United States
17107,PA,United States
17109,PA,United States
17110,PA,United States
17111,PA,United States
17112,PA,United States
17113,PA,United States
17120,PA,United States
17121,PA,United States
17122,PA,United States
17123,PA,United States
17124,PA,United States
17125,PA,United States
17126,PA,United States
17127,PA,United States
17128,PA,United States
17129,PA,United States
17130,PA,United States
17140,PA,United States
17177,PA,United States
17240,PA,United States
17241,PA,United States
17257,PA,United States
17266,PA,United States
17301,PA,United States
17302,PA,United States
17304,PA,United States
17307,PA,United States
17309,PA,United States
17313,PA,United States
17314,PA,United States
17315,PA,United States
17316,PA,United States
17319,PA,United States
17320,PA,United States
17321,PA,United States
17322,PA,United States
17324,PA,United States
17325,PA,United States
17327,PA,United States
17329,PA,United States
17331,PA,United States
17332,PA,United States
17333,PA,United States
17334,PA,United States
17335,PA,United States
17339,PA,United States
17340,PA,United States
17344,PA,United States
17345,PA,United States
17347,PA,United States
17349,PA,United States
17350,PA,United States
17352,PA,United States
17353,PA,United States
17356,PA,United States
17360,PA,United States
17361,PA,United States
17362,PA,United States
17363,PA,United States
17364,PA,United States
17365,PA,United States
17366,PA,United States
17368,PA,United States
17370,PA,United States
17372,PA,United States
17375,PA,United States
17401,PA,United States
17402,PA,United States
17403,PA,United States
17404,PA,United States
17406,PA,United States
17407,PA,United States
17408,PA,United States
17501,PA,United States
17502,PA,United States
17505,PA,United States
17509,PA,United States
17512,PA,United States
17516,PA,United States
17517,PA,United States
17518,PA,United States
17519,PA,United States
17520,PA,United States
17522,PA,United States
17527,PA,United States
17529,PA,United States
17532,PA,United States
17535,PA,United States
17536,PA,United States
17538,PA,United States
17540,PA,United States
17543,PA,United States
17545,PA,United States
17547,PA,United States
17551,PA,United States
17552,PA,United States
17554,PA,United States
17555,PA,United States
17557,PA,United States
17560,PA,United States
17562,PA,United States
17563,PA,United States
17565,PA,United States
17566,PA,United States
17569,PA,United States
17572,PA,United States
17573,PA,United States
17576,PA,United States
17578,PA,United States
17579,PA,United States
17581,PA,United States
17582,PA,United States
17584,PA,United States
17601,PA,United States
17602,PA,United States
17603,PA,United States
17611,PA,United States
17622,PA,United States
17699,PA,United States
17772,PA,United States
17777,PA,United States
17801,PA,United States
17812,PA,United States
17813,PA,United States
17814,PA,United States
17815,PA,United States
17820,PA,United States
17821,PA,United States
17822,PA,United States
17823,PA,United States
17824,PA,United States
17827,PA,United States
17830,PA,United States
17834,PA,United States
17836,PA,United States
17837,PA,United States
17840,PA,United States
17841,PA,United States
17842,PA,United States
17843,PA,United States
17844,PA,United States
17845,PA,United States
17846,PA,United States
17847,PA,United States
17851,PA,United States
17853,PA,United States
17855,PA,United States
17856,PA,United States
17857,PA,United States
17859,PA,United States
17860,PA,United States
17864,PA,United States
17866,PA,United States
17867,PA,United States
17870,PA,United States
17872,PA,United States
17876,PA,United States
17878,PA,United States
17881,PA,United States
17886,PA,United States
17888,PA,United States
17889,PA,United States
17901,PA,United States
17921,PA,United States
17922,PA,United States
17925,PA,United States
17929,PA,United States
17931,PA,United States
17932,PA,United States
17934,PA,United States
17935,PA,United States
17938,PA,United States
17941,PA,United States
17948,PA,United States
17952,PA,United States
17953,PA,United States
17954,PA,United States
17957,PA,United States
17960,PA,United States
17961,PA,United States
17963,PA,United States
17964,PA,United States
17965,PA,United States
17967,PA,United States
17968,PA,United States
17970,PA,United States
17972,PA,United States
17976,PA,United States
17978,PA,United States
17980,PA,United States
17981,PA,United States
17982,PA,United States
17983,PA,United States
17985,PA,United States
18056,PA,United States
18058,PA,United States
18071,PA,United States
18201,PA,United States
18202,PA,United States
18210,PA,United States
18211,PA,United States
18214,PA,United States
18216,PA,United States
18218,PA,United States
18222,PA,United States
18224,PA,United States
18229,PA,United States
18232,PA,United States
18235,PA,United States
18237,PA,United States
18240,PA,United States
18241,PA,United States
18249,PA,United States
18250,PA,United States
18252,PA,United States
18255,PA,United States
18301,PA,United States
18302,PA,United States
18321,PA,United States
18322,PA,United States
18324,PA,United States
18325,PA,United States
18326,PA,United States
18328,PA,United States
18330,PA,United States
18331,PA,United States
18332,PA,United States
18333,PA,United States
18334,PA,United States
18336,PA,United States
18337,PA,United States
18344,PA,United States
18346,PA,United States
18347,PA,United States
18350,PA,United States
18352,PA,United States
18353,PA,United States
18354,PA,United States
18355,PA,United States
18360,PA,United States
18370,PA,United States
18371,PA,United States
18372,PA,United States
18403,PA,United States
18405,PA,United States
18407,PA,United States
18411,PA,United States
18414,PA,United States
18415,PA,United States
18417,PA,United States
18419,PA,United States
18424,PA,United States
18425,PA,United States
18426,PA,United States
18428,PA,United States
18431,PA,United States
18433,PA,United States
18434,PA,United States
18435,PA,United States
18436,PA,United States
18437,PA,United States
18438,PA,United States
18439,PA,United States
18443,PA,United States
18444,PA,United States
18445,PA,United States
18446,PA,United States
18447,PA,United States
18448,PA,United States
18451,PA,United States
18452,PA,United States
18453,PA,United States
18455,PA,United States
18456,PA,United States
18458,PA,United States
18460,PA,United States
18461,PA,United States
18462,PA,United States
18463,PA,United States
18464,PA,United States
18466,PA,United States
18469,PA,United States
18472,PA,United States
18503,PA,United States
18504,PA,United States
18505,PA,United States
18507,PA,United States
18508,PA,United States
18509,PA,United States
18510,PA,United States
18512,PA,United States
18515,PA,United States
18517,PA,United States
18518,PA,United States
18519,PA,United States
18540,PA,United States
18577,PA,United States
18603,PA,United States
18610,PA,United States
18612,PA,United States
18615,PA,United States
18617,PA,United States
18618,PA,United States
18621,PA,United States
18622,PA,United States
18623,PA,United States
18629,PA,United States
18634,PA,United States
18635,PA,United States
18636,PA,United States
18640,PA,United States
18641,PA,United States
18642,PA,United States
18643,PA,United States
18644,PA,United States
18651,PA,United States
18655,PA,United States
18656,PA,United States
18657,PA,United States
18660,PA,United States
18661,PA,United States
18701,PA,United States
18702,PA,United States
18704,PA,United States
18705,PA,United States
18706,PA,United States
18707,PA,United States
18708,PA,United States
18709,PA,United States
18711,PA,United States
18762,PA,United States
18764,PA,United States
18765,PA,United States
18766,PA,United States
18767,PA,United States
18769,PA,United States
19503,PA,United States
19504,PA,United States
19505,PA,United States
19506,PA,United States
19507,PA,United States
19508,PA,United States
19510,PA,United States
19512,PA,United States
19518,PA,United States
19522,PA,United States
19526,PA,United States
19529,PA,United States
19530,PA,United States
19533,PA,United States
19534,PA,United States
19539,PA,United States
19540,PA,United States
19541,PA,United States
19543,PA,United States
19547,PA,United States
19551,PA,United States
19555,PA,United States
19560,PA,United States
19562,PA,United States
19565,PA,United States
19567,PA,United States
08001,NJ,United States
08006,NJ,United States
08011,NJ,United States
08023,NJ,United States
08030,NJ,United States
08038,NJ,United States
08039,NJ,United States
08042,NJ,United States
08064,NJ,United States
08072,NJ,United States
08073,NJ,United States
08074,NJ,United States
08095,NJ,United States
08205,NJ,United States
08210,NJ,United States
08212,NJ,United States
08214,NJ,United States
08217,NJ,United States
08224,NJ,United States
08234,NJ,United States
08240,NJ,United States
08246,NJ,United States
08248,NJ,United States
08266,NJ,United States
08315,NJ,United States
08316,NJ,United States
08320,NJ,United States
08321,NJ,United States
08329,NJ,United States
08352,NJ,United States
08555,NJ,United States
08720,NJ,United States
08850,NJ,United States
33471,FL,United States
33901,FL,United States
33903,FL,United States
33904,FL,United States
33905,FL,United States
33907,FL,United States
33908,FL,United States
33909,FL,United States
33913,FL,United States
33914,FL,United States
33916,FL,United States
33917,FL,United States
33919,FL,United States
33920,FL,United States
33921,FL,United States
33922,FL,United States
33924,FL,United States
33928,FL,United States
33929,FL,United States
33930,FL,United States
33931,FL,United States
33935,FL,United States
33944,FL,United States
33945,FL,United States
33946,FL,United States
33950,FL,United States
33953,FL,United States
33954,FL,United States
33955,FL,United States
33956,FL,United States
33957,FL,United States
33960,FL,United States
33965,FL,United States
33966,FL,United States
33967,FL,United States
33973,FL,United States
33974,FL,United States
33976,FL,United States
33980,FL,United States
33981,FL,United States
33982,FL,United States
33983,FL,United States
33990,FL,United States
33991,FL,United States
33993,FL,United States
34101,FL,United States
34102,FL,United States
34103,FL,United States
34104,FL,United States
34108,FL,United States
34109,FL,United States
34112,FL,United States
34113,FL,United States
34114,FL,United States
34116,FL,United States
34117,FL,United States
34119,FL,United States
34120,FL,United States
34124,FL,United States
34134,FL,United States
34135,FL,United States
34137,FL,United States
34138,FL,United States
34139,FL,United States
34140,FL,United States
34141,FL,United States
34142,FL,United States
34145,FL,United States
34224,FL,United States
34275,FL,United States
34286,FL,United States
34288,FL,United States
34291,FL,United States
34293,FL,United States
11001,NY,United States
11003,NY,United States
11004,NY,United States
11005,NY,United States
11010,NY,United States
11020,NY,United States
11021,NY,United States
11023,NY,United States
11024,NY,United States
11027,NY,United States
11030,NY,United States
11040,NY,United States
11042,NY,United States
11050,NY,United States
11051,NY,United States
11052,NY,United States
11362,NY,United States
11363,NY,United States
11426,NY,United States
11501,NY,United States
11507,NY,United States
11510,NY,United States
11514,NY,United States
11516,NY,United States
11518,NY,United States
11520,NY,United States
11530,NY,United States
11542,NY,United States
11545,NY,United States
11547,NY,United States
11548,NY,United States
11549,NY,United States
11550,NY,United States
11552,NY,United States
11553,NY,United States
11554,NY,United States
11556,NY,United States
11557,NY,United States
11558,NY,United States
11560,NY,United States
11565,NY,United States
11566,NY,United States
11568,NY,United States
11572,NY,United States
11575,NY,United States
11576,NY,United States
11577,NY,United States
11579,NY,United States
11580,NY,United States
11581,NY,United States
11590,NY,United States
11596,NY,United States
11691,NY,United States
11692,NY,United States
11693,NY,United States
11701,NY,United States
11702,NY,United States
11703,NY,United States
11704,NY,United States
11705,NY,United States
11706,NY,United States
11709,NY,United States
11710,NY,United States
11713,NY,United States
11714,NY,United States
11715,NY,United States
11716,NY,United States
11717,NY,United States
11718,NY,United States
11719,NY,United States
11720,NY,United States
11721,NY,United States
11722,NY,United States
11724,NY,United States
11725,NY,United States
11726,NY,United States
11727,NY,United States
11729,NY,United States
11730,NY,United States
11731,NY,United States
11732,NY,United States
11733,NY,United States
11738,NY,United States
11740,NY,United States
11741,NY,United States
11742,NY,United States
11743,NY,United States
11746,NY,United States
11747,NY,United States
11749,NY,United States
11751,NY,United States
11753,NY,United States
11754,NY,United States
11755,NY,United States
11756,NY,United States
11757,NY,United States
11758,NY,United States
11762,NY,United States
11763,NY,United States
11764,NY,United States
11766,NY,United States
11767,NY,United States
11768,NY,United States
11771,NY,United States
11772,NY,United States
11773,NY,United States
11775,NY,United States
11776,NY,United States
11777,NY,United States
11778,NY,United States
11779,NY,United States
11780,NY,United States
11782,NY,United States
11783,NY,United States
11784,NY,United States
11786,NY,United States
11787,NY,United States
11788,NY,United States
11789,NY,United States
11790,NY,United States
11791,NY,United States
11792,NY,United States
11793,NY,United States
11795,NY,United States
11797,NY,United States
11798,NY,United States
11801,NY,United States
11803,NY,United States
11901,NY,United States
11933,NY,United States
11937,NY,United States
11949,NY,United States
11950,NY,United States
11951,NY,United States
11953,NY,United States
11955,NY,United States
11967,NY,United States
11972,NY,United States
11977,NY,United States
11978,NY,United States
11980,NY,United States
07002,NJ,United States
07017,NJ,United States
07018,NJ,United States
07039,NJ,United States
07083,NJ,United States
07087,NJ,United States
07102,NJ,United States
07103,NJ,United States
07104,NJ,United States
07106,NJ,United States
07107,NJ,United States
07108,NJ,United States
07112,NJ,United States
07114,NJ,United States
07302,NJ,United States
07304,NJ,United States
07305,NJ,United States
07306,NJ,United States
07307,NJ,United States
07416,NJ,United States
07418,NJ,United States
07419,NJ,United States
07422,NJ,United States
07439,NJ,United States
07460,NJ,United States
07461,NJ,United States
07462,NJ,United States
07501,NJ,United States
07502,NJ,United States
07503,NJ,United States
07504,NJ,United States
07505,NJ,United States
07513,NJ,United States
07514,NJ,United States
07522,NJ,United States
07524,NJ,United States
07620,NJ,United States
07820,NJ,United States
07821,NJ,United States
07822,NJ,United States
07826,NJ,United States
07827,NJ,United States
07833,NJ,United States
07842,NJ,United States
07843,NJ,United States
07846,NJ,United States
07848,NJ,United States
07851,NJ,United States
07860,NJ,United States
07870,NJ,United States
07871,NJ,United States
07874,NJ,United States
07878,NJ,United States
07880,NJ,United States
07881,NJ,United States
07926,NJ,United States
07961,NJ,United States
07970,NJ,United States
07977,NJ,United States
07979,NJ,United States
08504,NJ,United States
08561,NJ,United States
08803,NJ,United States
08808,NJ,United States
08821,NJ,United States
08833,NJ,United States
08858,NJ,United States
08890,NJ,United States
10457,NY,United States
10459,NY,United States
10460,NY,United States
10462,NY,United States
10465,NY,United States
10466,NY,United States
10472,NY,United States
10473,NY,United States
11102,NY,United States
11213,NY,United States
11218,NY,United States
11221,NY,United States
11223,NY,United States
11224,NY,United States
11226,NY,United States
11229,NY,United States
11230,NY,United States
11233,NY,United States
11234,NY,United States
11235,NY,United States
11236,NY,United States
11239,NY,United States
11351,NY,United States
11354,NY,United States
11355,NY,United States
11356,NY,United States
11357,NY,United States
11358,NY,United States
11360,NY,United States
11361,NY,United States
11364,NY,United States
11366,NY,United States
11369,NY,United States
11373,NY,United States
11378,NY,United States
11379,NY,United States
11380,NY,United States
11385,NY,United States
11411,NY,United States
11412,NY,United States
11414,NY,United States
11415,NY,United States
11417,NY,United States
11418,NY,United States
11419,NY,United States
11420,NY,United States
11421,NY,United States
11422,NY,United States
11423,NY,United States
11427,NY,United States
11428,NY,United States
11429,NY,United States
11432,NY,United States
11433,NY,United States
11434,NY,United States
11435,NY,United States
11436,NY,United States
10301,NY,United States
10302,NY,United States
10303,NY,United States
10304,NY,United States
10305,NY,United States
10306,NY,United States
10307,NY,United States
10308,NY,United States
10309,NY,United States
10310,NY,United States
10311,NY,United States
10312,NY,United States
10313,NY,United States
10314,NY,United States
20606,MD,United States
20608,MD,United States
20609,MD,United States
20618,MD,United States
20619,MD,United States
20620,MD,United States
20621,MD,United States
20623,MD,United States
20624,MD,United States
20626,MD,United States
20628,MD,United States
20630,MD,United States
20634,MD,United States
20636,MD,United States
20650,MD,United States
20653,MD,United States
20659,MD,United States
20660,MD,United States
20667,MD,United States
20670,MD,United States
20674,MD,United States
20680,MD,United States
20684,MD,United States
20686,MD,United States
20687,MD,United States
20690,MD,United States
20692,MD,United States
20701,MD,United States
20705,MD,United States
20706,MD,United States
20707,MD,United States
20708,MD,United States
20710,MD,United States
20711,MD,United States
20712,MD,United States
20715,MD,United States
20716,MD,United States
20720,MD,United States
20721,MD,United States
20722,MD,United States
20723,MD,United States
20724,MD,United States
20733,MD,United States
20735,MD,United States
20737,MD,United States
20740,MD,United States
20742,MD,United States
20743,MD,United States
20744,MD,United States
20745,MD,United States
20746,MD,United States
20748,MD,United States
20751,MD,United States
20755,MD,United States
20758,MD,United States
20759,MD,United States
20762,MD,United States
20763,MD,United States
20764,MD,United States
20769,MD,United States
20770,MD,United States
20772,MD,United States
20774,MD,United States
20776,MD,United States
20777,MD,United States
20778,MD,United States
20779,MD,United States
20781,MD,United States
20782,MD,United States
20783,MD,United States
20784,MD,United States
20785,MD,United States
20794,MD,United States
20812,MD,United States
20814,MD,United States
20815,MD,United States
20816,MD,United States
20817,MD,United States
20818,MD,United States
20832,MD,United States
20833,MD,United States
20837,MD,United States
20838,MD,United States
20839,MD,United States
20841,MD,United States
20842,MD,United States
20850,MD,United States
20851,MD,United States
20852,MD,United States
20853,MD,United States
20854,MD,United States
20855,MD,United States
20860,MD,United States
20861,MD,United States
20862,MD,United States
20866,MD,United States
20868,MD,United States
20871,MD,United States
20872,MD,United States
20874,MD,United States
20876,MD,United States
20877,MD,United States
20878,MD,United States
20879,MD,United States
20880,MD,United States
20882,MD,United States
20886,MD,United States
20895,MD,United States
20896,MD,United States
20899,MD,United States
20901,MD,United States
20902,MD,United States
20903,MD,United States
20904,MD,United States
20905,MD,United States
20906,MD,United States
20910,MD,United States
20912,MD,United States
21001,MD,United States
21005,MD,United States
21010,MD,United States
21012,MD,United States
21013,MD,United States
21014,MD,United States
21015,MD,United States
21017,MD,United States
21028,MD,United States
21029,MD,United States
21030,MD,United States
21031,MD,United States
21032,MD,United States
21034,MD,United States
21035,MD,United States
21036,MD,United States
21037,MD,United States
21040,MD,United States
21042,MD,United States
21043,MD,United States
21044,MD,United States
21045,MD,United States
21046,MD,United States
21047,MD,United States
21048,MD,United States
21050,MD,United States
21051,MD,United States
21052,MD,United States
21053,MD,United States
21054,MD,United States
21057,MD,United States
21060,MD,United States
21061,MD,United States
21071,MD,United States
21074,MD,United States
21075,MD,United States
21076,MD,United States
21077,MD,United States
21078,MD,United States
21082,MD,United States
21084,MD,United States
21085,MD,United States
21087,MD,United States
21090,MD,United States
21093,MD,United States
21102,MD,United States
21104,MD,United States
21105,MD,United States
21108,MD,United States
21111,MD,United States
21113,MD,United States
21114,MD,United States
21117,MD,United States
21120,MD,United States
21122,MD,United States
21128,MD,United States
21130,MD,United States
21131,MD,United States
21132,MD,United States
21133,MD,United States
21136,MD,United States
21140,MD,United States
21144,MD,United States
21146,MD,United States
21152,MD,United States
21153,MD,United States
21154,MD,United States
21155,MD,United States
21156,MD,United States
21157,MD,United States
21158,MD,United States
21160,MD,United States
21161,MD,United States
21162,MD,United States
21163,MD,United States
21204,MD,United States
21208,MD,United States
21219,MD,United States
21220,MD,United States
21221,MD,United States
21222,MD,United States
21226,MD,United States
21228,MD,United States
21234,MD,United States
21236,MD,United States
21237,MD,United States
21244,MD,United States
21250,MD,United States
21252,MD,United States
21286,MD,United States
21401,MD,United States
21402,MD,United States
21403,MD,United States
21405,MD,United States
21409,MD,United States
21601,MD,United States
21607,MD,United States
21610,MD,United States
21612,MD,United States
21613,MD,United States
21617,MD,United States
21619,MD,United States
21620,MD,United States
21622,MD,United States
21623,MD,United States
21624,MD,United States
21625,MD,United States
21626,MD,United States
21627,MD,United States
21628,MD,United States
21629,MD,United States
21631,MD,United States
21632,MD,United States
21634,MD,United States
21635,MD,United States
21636,MD,United States
21638,MD,United States
21639,MD,United States
21640,MD,United States
21641,MD,United States
21643,MD,United States
21644,MD,United States
21645,MD,United States
21647,MD,United States
21648,MD,United States
21649,MD,United States
21650,MD,United States
21651,MD,United States
21652,MD,United States
21653,MD,United States
21654,MD,United States
21655,MD,United States
21657,MD,United States
21658,MD,United States
21659,MD,United States
21660,MD,United States
21661,MD,United States
21662,MD,United States
21663,MD,United States
21664,MD,United States
21665,MD,United States
21666,MD,United States
21667,MD,United States
21668,MD,United States
21669,MD,United States
21671,MD,United States
21672,MD,United States
21673,MD,United States
21675,MD,United States
21676,MD,United States
21677,MD,United States
21678,MD,United States
21679,MD,United States
21723,MD,United States
21737,MD,United States
21738,MD,United States
21757,MD,United States
21776,MD,United States
21784,MD,United States
21787,MD,United States
21791,MD,United States
21794,MD,United States
21797,MD,United States
21835,MD,United States
21869,MD,United States
21901,MD,United States
21902,MD,United States
21903,MD,United States
21904,MD,United States
21911,MD,United States
21912,MD,United States
21913,MD,United States
21914,MD,United States
21915,MD,United States
21916,MD,United States
21917,MD,United States
21918,MD,United States
21919,MD,United States
21920,MD,United States
21921,MD,United States
21930,MD,United States
08102,NJ,United States
08103,NJ,United States
08104,NJ,United States
08105,NJ,United States
08204,NJ,United States
08344,NJ,United States
08882,NJ,United States
07756,NJ,United States
08732,NJ,United States
08740,NJ,United States
19701,DE,United States
19702,DE,United States
19703,DE,United States
19706,DE,United States
19707,DE,United States
19708,DE,United States
19709,DE,United States
19710,DE,United States
19711,DE,United States
19712,DE,United States
19713,DE,United States
19714,DE,United States
19715,DE,United States
19716,DE,United States
19717,DE,United States
19718,DE,United States
19720,DE,United States
19721,DE,United States
19725,DE,United States
19726,DE,United States
19730,DE,United States
19731,DE,United States
19732,DE,United States
19733,DE,United States
19734,DE,United States
19735,DE,United States
19736,DE,United States
19801,DE,United States
19802,DE,United States
19803,DE,United States
19804,DE,United States
19805,DE,United States
19806,DE,United States
19807,DE,United States
19808,DE,United States
19809,DE,United States
19810,DE,United States
19850,DE,United States
19880,DE,United States
19884,DE,United States
19885,DE,United States
19886,DE,United States
19890,DE,United States
19891,DE,United States
19892,DE,United States
19893,DE,United States
19894,DE,United States
19895,DE,United States
19896,DE,United States
19897,DE,United States
19898,DE,United States
19899,DE,United States
20120,VA,United States
20121,VA,United States
20124,VA,United States
20151,VA,United States
20170,VA,United States
20171,VA,United States
20190,VA,United States
20191,VA,United States
20194,VA,United States
22003,VA,United States
22015,VA,United States
22027,VA,United States
22031,VA,United States
22032,VA,United States
22033,VA,United States
22039,VA,United States
22041,VA,United States
22043,VA,United States
22060,VA,United States
22066,VA,United States
22079,VA,United States
22101,VA,United States
22102,VA,United States
22124,VA,United States
22150,VA,United States
22151,VA,United States
22152,VA,United States
22153,VA,United States
22180,VA,United States
22181,VA,United States
22182,VA,United States
22301,VA,United States
22302,VA,United States
22303,VA,United States
22304,VA,United States
22305,VA,United States
22306,VA,United States
22307,VA,United States
22308,VA,United States
22309,VA,United States
22310,VA,United States
22311,VA,United States
22312,VA,United States
22314,VA,United States
22315,VA,United States
22204,VA,United States
22201,VA,United States
22207,VA,United States
22202,VA,United States
22203,VA,United States
22206,VA,United States
22209,VA,United States
22213,VA,United States
22211,VA,United States
20231,VA,United States
20330,VA,United States
20355,VA,United States
20380,VA,United States
22210,VA,United States
22215,VA,United States
22214,VA,United States
22217,VA,United States
22216,VA,United States
22219,VA,United States
22218,VA,United States
22223,VA,United States
22222,VA,United States
22226,VA,United States
22225,VA,United States
22229,VA,United States
22227,VA,United States
22234,VA,United States
22230,VA,United States
22240,VA,United States
22243,VA,United States
22242,VA,United States
22245,VA,United States
22244,VA,United States
22246,VA,United States
20147,VA,United States
20176,VA,United States
20148,VA,United States
20164,VA,United States
20175,VA,United States
20152,VA,United States
20165,VA,United States
20105,VA,United States
20132,VA,United States
20166,VA,United States
20180,VA,United States
20141,VA,United States
20158,VA,United States
20135,VA,United States
20117,VA,United States
20197,VA,United States
20184,VA,United States
20129,VA,United States
20107,VA,United States
20101,VA,United States
20103,VA,United States
20102,VA,United States
20104,VA,United States
20118,VA,United States
20131,VA,United States
20134,VA,United States
20142,VA,United States
20146,VA,United States
20149,VA,United States
20159,VA,United States
20163,VA,United States
20160,VA,United States
20167,VA,United States
20177,VA,United States
20178,VA,United States
20189,VA,United States
22093,VA,United States
20598,VA,United States
22042,VA,United States
22044,VA,United States
22046,VA,United States
22205,VA,United States
34602,FL,United States
34604,FL,United States
34607,FL,United States
34606,FL,United States
34609,FL,United States
34608,FL,United States
34614,FL,United States
34613,FL,United States
33597,FL,United States
34637,FL,United States
33563,FL,United States
33565,FL,United States
33567,FL,United States
33592,FL,United States
33602,FL,United States
33603,FL,United States
33604,FL,United States
33605,FL,United States
33606,FL,United States
33607,FL,United States
33609,FL,United States
33610,FL,United States
33611,FL,United States
33612,FL,United States
33613,FL,United States
33614,FL,United States
33615,FL,United States
33616,FL,United States
33621,FL,United States
33629,FL,United States
34292,FL,United States
34229,FL,United States
34266,FL,United States
34274,FL,United States
34285,FL,United States
34287,FL,United States
33834,FL,United States
33865,FL,United States
33873,FL,United States
33890,FL,United States
33513,FL,United States
33514,FL,United States
33521,FL,United States
33538,FL,United States
34484,FL,United States
33585,FL,United States
32162,FL,United States
34785,FL,United States
32767,FL,United States
34736,FL,United States
34753,FL,United States
32709,FL,United States
19511,PA,United States
19519,PA,United States
19523,PA,United States
19535,PA,United States
19536,PA,United States
19538,PA,United States
19542,PA,United States
19544,PA,United States
19545,PA,United States
19602,PA,United States
19604,PA,United States
19605,PA,United States
19606,PA,United States
19607,PA,United States
19550,PA,United States
19554,PA,United States
19559,PA,United States
19564,PA,United States
19610,PA,United States
18011,PA,United States
18031,PA,United States
18032,PA,United States
18034,PA,United States
18037,PA,United States
18046,PA,United States
18049,PA,United States
18051,PA,United States
18052,PA,United States
18053,PA,United States
18059,PA,United States
18060,PA,United States
18062,PA,United States
18065,PA,United States
18066,PA,United States
18068,PA,United States
18069,PA,United States
18078,PA,United States
18079,PA,United States
18080,PA,United States
18087,PA,United States
18092,PA,United States
18101,PA,United States
18103,PA,United States
18105,PA,United States
18106,PA,United States
18195,PA,United States
18001,PA,United States
18002,PA,United States
18010,PA,United States
18043,PA,United States
18044,PA,United States
18050,PA,United States
18063,PA,United States
18083,PA,United States
18085,PA,United States
18086,PA,United States
18351,PA,United States
19317,PA,United States
19017,PA,United States
19023,PA,United States
19063,PA,United States
19316,PA,United States
19345,PA,United States
19442,PA,United States
19358,PA,United States
19457,PA,United States
19367,PA,United States
19375,PA,United States
18910,PA,United States
18911,PA,United States
18912,PA,United States
18916,PA,United States
18039,PA,United States
18921,PA,United States
18922,PA,United States
18926,PA,United States
18928,PA,United States
18931,PA,United States
19058,PA,United States
18935,PA,United States
18943,PA,United States
18946,PA,United States
18949,PA,United States
18950,PA,United States
18953,PA,United States
18956,PA,United States
18962,PA,United States
18963,PA,United States
18968,PA,United States
18081,PA,United States
18970,PA,United States
18980,PA,United States
18981,PA,United States
19420,PA,United States
19407,PA,United States
19009,PA,United States
19423,PA,United States
19430,PA,United States
19408,PA,United States
18918,PA,United States
19409,PA,United States
18924,PA,United States
19437,PA,United States
19443,PA,United States
19450,PA,United States
19451,PA,United States
19404,PA,United States
19456,PA,United States
18957,PA,United States
18958,PA,United States
19472,PA,United States
19474,PA,United States
19478,PA,United States
18084,PA,United States
18971,PA,United States
19484,PA,United States
19485,PA,United States
19486,PA,United States
19490,PA,United States
18979,PA,United States
17355,PA,United States
17311,PA,United States
17342,PA,United States
17371,PA,United States
17405,PA,United States
17312,PA,United States
17317,PA,United States
17318,PA,United States
17358,PA,United States
17568,PA,United States
17583,PA,United States
17537,PA,United States
17503,PA,United States
17504,PA,United States
17550,PA,United States
17214,PA,United States
17250,PA,United States
17343,PA,United States
17310,PA,United States
17303,PA,United States
10451,NY,United States
10452,NY,United States
10453,NY,United States
10454,NY,United States
10455,NY,United States
10456,NY,United States
10458,NY,United States
10461,NY,United States
10463,NY,United States
10464,NY,United States
10467,NY,United States
10468,NY,United States
10469,NY,United States
10470,NY,United States
10471,NY,United States
10474,NY,United States
10475,NY,United States
10499,NY,United States
10501,NY,United States
10502,NY,United States
10503,NY,United States
10504,NY,United States
10505,NY,United States
10506,NY,United States
10507,NY,United States
10509,NY,United States
10510,NY,United States
10511,NY,United States
10514,NY,United States
10517,NY,United States
10518,NY,United States
10519,NY,United States
10520,NY,United States
10521,NY,United States
10522,NY,United States
10523,NY,United States
10524,NY,United States
10526,NY,United States
10527,NY,United States
10528,NY,United States
10530,NY,United States
10532,NY,United States
10533,NY,United States
10535,NY,United States
10536,NY,United States
10537,NY,United States
10538,NY,United States
10540,NY,United States
10541,NY,United States
10543,NY,United States
10545,NY,United States
10546,NY,United States
10547,NY,United States
10548,NY,United States
10549,NY,United States
10550,NY,United States
10551,NY,United States
10552,NY,United States
10553,NY,United States
10557,NY,United States
10558,NY,United States
10560,NY,United States
10562,NY,United States
10566,NY,United States
10567,NY,United States
10570,NY,United States
10571,NY,United States
10572,NY,United States
10573,NY,United States
10576,NY,United States
10577,NY,United States
10578,NY,United States
10579,NY,United States
10580,NY,United States
10583,NY,United States
10587,NY,United States
10588,NY,United States
10589,NY,United States
10590,NY,United States
10591,NY,United States
10594,NY,United States
10595,NY,United States
10596,NY,United States
10597,NY,United States
10598,NY,United States
10601,NY,United States
10602,NY,United States
10603,NY,United States
10604,NY,United States
10605,NY,United States
10606,NY,United States
10607,NY,United States
10610,NY,United States
10701,NY,United States
10702,NY,United States
10703,NY,United States
10704,NY,United States
10705,NY,United States
10706,NY,United States
10707,NY,United States
10708,NY,United States
10709,NY,United States
10710,NY,United States
10801,NY,United States
10802,NY,United States
10803,NY,United States
10804,NY,United States
10805,NY,United States
11002,NY,United States
11022,NY,United States
11041,NY,United States
11053,NY,United States
11054,NY,United States
11055,NY,United States
11096,NY,United States
11101,NY,United States
11103,NY,United States
11104,NY,United States
11105,NY,United States
11106,NY,United States
11109,NY,United States
11201,NY,United States
11202,NY,United States
11203,NY,United States
11204,NY,United States
11205,NY,United States
11206,NY,United States
11207,NY,United States
11208,NY,United States
11209,NY,United States
11210,NY,United States
11211,NY,United States
11212,NY,United States
11214,NY,United States
11215,NY,United States
11216,NY,United States
11217,NY,United States
11219,NY,United States
11220,NY,United States
11222,NY,United States
11225,NY,United States
11228,NY,United States
11231,NY,United States
11232,NY,United States
11237,NY,United States
11238,NY,United States
11241,NY,United States
11242,NY,United States
11243,NY,United States
11245,NY,United States
11247,NY,United States
11249,NY,United States
11251,NY,United States
11252,NY,United States
11256,NY,United States
11352,NY,United States
11359,NY,United States
11365,NY,United States
11367,NY,United States
11368,NY,United States
11370,NY,United States
11371,NY,United States
11372,NY,United States
11374,NY,United States
11375,NY,United States
11377,NY,United States
11381,NY,United States
11386,NY,United States
11405,NY,United States
11413,NY,United States
11416,NY,United States
11424,NY,United States
11425,NY,United States
11430,NY,United States
11431,NY,United States
11439,NY,United States
11451,NY,United States
11499,NY,United States
11509,NY,United States
11531,NY,United States
11535,NY,United States
11536,NY,United States
11544,NY,United States
11551,NY,United States
11555,NY,United States
11559,NY,United States
11561,NY,United States
11563,NY,United States
11569,NY,United States
11570,NY,United States
11571,NY,United States
11582,NY,United States
11592,NY,United States
11594,NY,United States
11595,NY,United States
11597,NY,United States
11598,NY,United States
11599,NY,United States
11639,NY,United States
11690,NY,United States
11694,NY,United States
11695,NY,United States
11697,NY,United States
11707,NY,United States
11708,NY,United States
11735,NY,United States
11736,NY,United States
11737,NY,United States
11739,NY,United States
11750,NY,United States
11752,NY,United States
11760,NY,United States
11765,NY,United States
11769,NY,United States
11770,NY,United States
11774,NY,United States
11794,NY,United States
11796,NY,United States
11802,NY,United States
11804,NY,United States
11815,NY,United States
11854,NY,United States
11855,NY,United States
11930,NY,United States
11931,NY,United States
11932,NY,United States
11934,NY,United States
11935,NY,United States
11939,NY,United States
11940,NY,United States
11941,NY,United States
11942,NY,United States
11944,NY,United States
11946,NY,United States
11947,NY,United States
11948,NY,United States
11952,NY,United States
11954,NY,United States
11956,NY,United States
11957,NY,United States
11958,NY,United States
11959,NY,United States
11960,NY,United States
11961,NY,United States
11962,NY,United States
11963,NY,United States
11964,NY,United States
11965,NY,United States
11968,NY,United States
11969,NY,United States
11970,NY,United States
11971,NY,United States
11973,NY,United States
11975,NY,United States
11976,NY,United States
94027,CA,United States
94025,CA,United States
94062,CA,United States
94028,CA,United States
94020,CA,United States
94070,CA,United States
94061,CA,United States
94002,CA,United States
94010,CA,United States
94402,CA,United States
94403,CA,United States
94404,CA,United States
94301,CA,United States
94303,CA,United States
94304,CA,United States
94306,CA,United States
94401,CA,United States
94063,CA,United States
94065,CA,United States
94066,CA,United States
94305,CA,United States
94024,CA,United States
20001,DC,United States
20002,DC,United States
20003,DC,United States
20004,DC,United States
20005,DC,United States
20006,DC,United States
20007,DC,United States
20008,DC,United States
20009,DC,United States
20010,DC,United States
20011,DC,United States
20012,DC,United States
20015,DC,United States
20016,DC,United States
20017,DC,United States
20018,DC,United States
20019,DC,United States
20020,DC,United States
20024,DC,United States
20032,DC,United States
32102,FL,United States
32114,FL,United States
32117,FL,United States
32118,FL,United States
32119,FL,United States
32124,FL,United States
32127,FL,United States
32128,FL,United States
32129,FL,United States
32130,FL,United States
32132,FL,United States
32136,FL,United States
32141,FL,United States
32163,FL,United States
32164,FL,United States
32168,FL,United States
32169,FL,United States
32174,FL,United States
32176,FL,United States
32179,FL,United States
32195,FL,United States
32702,FL,United States
32754,FL,United States
32759,FL,United States
32780,FL,United States
32781,FL,United States
32796,FL,United States
32901,FL,United States
32902,FL,United States
32903,FL,United States
32904,FL,United States
32905,FL,United States
32907,FL,United States
32908,FL,United States
32909,FL,United States
32920,FL,United States
32922,FL,United States
32926,FL,United States
32927,FL,United States
32931,FL,United States
32934,FL,United States
32935,FL,United States
32937,FL,United States
32940,FL,United States
32950,FL,United States
32951,FL,United States
32952,FL,United States
32953,FL,United States
32955,FL,United States
33545,FL,United States
33809,FL,United States
33825,FL,United States
33827,FL,United States
33860,FL,United States
33868,FL,United States
33872,FL,United States
33875,FL,United States
33947,FL,United States
33948,FL,United States
34289,FL,United States
34432,FL,United States
34434,FL,United States
34436,FL,United States
34470,FL,United States
34471,FL,United States
34472,FL,United States
34473,FL,United States
34474,FL,United States
34475,FL,United States
34476,FL,United States
34479,FL,United States
34480,FL,United States
34481,FL,United States
34488,FL,United States
34491,FL,United States
34601,FL,United States
75001,TX,United States
75002,TX,United States
75006,TX,United States
75007,TX,United States
75009,TX,United States
75010,TX,United States
75011,TX,United States
75013,TX,United States
75015,TX,United States
75019,TX,United States
75020,TX,United States
75021,TX,United States
75022,TX,United States
75023,TX,United States
75024,TX,United States
75025,TX,United States
75027,TX,United States
75028,TX,United States
75029,TX,United States
75032,TX,United States
75033,TX,United States
75034,TX,United States
75035,TX,United States
75036,TX,United States
75038,TX,United States
75039,TX,United States
75040,TX,United States
75041,TX,United States
75042,TX,United States
75043,TX,United States
75044,TX,United States
75046,TX,United States
75048,TX,United States
75050,TX,United States
75051,TX,United States
75052,TX,United States
75054,TX,United States
75056,TX,United States
75057,TX,United States
75058,TX,United States
75060,TX,United States
75061,TX,United States
75062,TX,United States
75063,TX,United States
75065,TX,United States
75067,TX,United States
75068,TX,United States
75069,TX,United States
75070,TX,United States
75071,TX,United States
75072,TX,United States
75074,TX,United States
75075,TX,United States
75076,TX,United States
75077,TX,United States
75078,TX,United States
75080,TX,United States
75081,TX,United States
75082,TX,United States
75083,TX,United States
75087,TX,United States
75088,TX,United States
75089,TX,United States
75090,TX,United States
75091,TX,United States
75092,TX,United States
75093,TX,United States
75094,TX,United States
75098,TX,United States
75099,TX,United States
75101,TX,United States
75102,TX,United States
75103,TX,United States
75104,TX,United States
75109,TX,United States
75110,TX,United States
75114,TX,United States
75115,TX,United States
75116,TX,United States
75117,TX,United States
75119,TX,United States
75121,TX,United States
75124,TX,United States
75125,TX,United States
75126,TX,United States
75127,TX,United States
75132,TX,United States
75134,TX,United States
75135,TX,United States
75137,TX,United States
75138,TX,United States
75140,TX,United States
75141,TX,United States
75142,TX,United States
75143,TX,United States
75144,TX,United States
75146,TX,United States
75147,TX,United States
75148,TX,United States
75149,TX,United States
75150,TX,United States
75151,TX,United States
75152,TX,United States
75153,TX,United States
75154,TX,United States
75155,TX,United States
75156,TX,United States
75157,TX,United States
75158,TX,United States
75159,TX,United States
75160,TX,United States
75161,TX,United States
75163,TX,United States
75164,TX,United States
75165,TX,United States
75166,TX,United States
75167,TX,United States
75169,TX,United States
75172,TX,United States
75173,TX,United States
75180,TX,United States
75181,TX,United States
75182,TX,United States
75185,TX,United States
75189,TX,United States
75201,TX,United States
75202,TX,United States
75203,TX,United States
75204,TX,United States
75205,TX,United States
75206,TX,United States
75207,TX,United States
75208,TX,United States
75209,TX,United States
75210,TX,United States
75211,TX,United States
75212,TX,United States
75214,TX,United States
75215,TX,United States
75216,TX,United States
75217,TX,United States
75218,TX,United States
75219,TX,United States
75220,TX,United States
75223,TX,United States
75224,TX,United States
75225,TX,United States
75226,TX,United States
75227,TX,United States
75228,TX,United States
75229,TX,United States
75230,TX,United States
75231,TX,United States
75232,TX,United States
75233,TX,United States
75234,TX,United States
75235,TX,United States
75236,TX,United States
75237,TX,United States
75238,TX,United States
75240,TX,United States
75241,TX,United States
75242,TX,United States
75243,TX,United States
75244,TX,United States
75246,TX,United States
75247,TX,United States
75248,TX,United States
75249,TX,United States
75251,TX,United States
75252,TX,United States
75253,TX,United States
75254,TX,United States
75260,TX,United States
75261,TX,United States
75270,TX,United States
75287,TX,United States
75381,TX,United States
75398,TX,United States
75401,TX,United States
75402,TX,United States
75404,TX,United States
75407,TX,United States
75409,TX,United States
75413,TX,United States
75414,TX,United States
75415,TX,United States
75418,TX,United States
75420,TX,United States
75421,TX,United States
75422,TX,United States
75423,TX,United States
75424,TX,United States
75428,TX,United States
75433,TX,United States
75438,TX,United States
75439,TX,United States
75440,TX,United States
75442,TX,United States
75446,TX,United States
75447,TX,United States
75448,TX,United States
75449,TX,United States
75452,TX,United States
75453,TX,United States
75454,TX,United States
75458,TX,United States
75459,TX,United States
75469,TX,United States
75470,TX,United States
75472,TX,United States
75474,TX,United States
75475,TX,United States
75476,TX,United States
75479,TX,United States
75485,TX,United States
75488,TX,United States
75489,TX,United States
75490,TX,United States
75491,TX,United States
75492,TX,United States
75495,TX,United States
75496,TX,United States
75751,TX,United States
75754,TX,United States
75790,TX,United States
76001,TX,United States
76002,TX,United States
76004,TX,United States
76005,TX,United States
76006,TX,United States
76008,TX,United States
76009,TX,United States
76010,TX,United States
76011,TX,United States
76012,TX,United States
76013,TX,United States
76014,TX,United States
76015,TX,United States
76016,TX,United States
76017,TX,United States
76018,TX,United States
76020,TX,United States
76021,TX,United States
76022,TX,United States
76023,TX,United States
76028,TX,United States
76031,TX,United States
76033,TX,United States
76034,TX,United States
76035,TX,United States
76036,TX,United States
76039,TX,United States
76040,TX,United States
76041,TX,United States
76043,TX,United States
76044,TX,United States
76048,TX,United States
76049,TX,United States
76050,TX,United States
76051,TX,United States
76052,TX,United States
76053,TX,United States
76054,TX,United States
76055,TX,United States
76058,TX,United States
76059,TX,United States
76060,TX,United States
76063,TX,United States
76064,TX,United States
76065,TX,United States
76066,TX,United States
76067,TX,United States
76068,TX,United States
76071,TX,United States
76073,TX,United States
76077,TX,United States
76078,TX,United States
76082,TX,United States
76084,TX,United States
76085,TX,United States
76086,TX,United States
76087,TX,United States
76088,TX,United States
76092,TX,United States
76093,TX,United States
76098,TX,United States
76102,TX,United States
76103,TX,United States
76104,TX,United States
76105,TX,United States
76106,TX,United States
76107,TX,United States
76108,TX,United States
76109,TX,United States
76110,TX,United States
76111,TX,United States
76112,TX,United States
76114,TX,United States
76115,TX,United States
76116,TX,United States
76117,TX,United States
76118,TX,United States
76119,TX,United States
76120,TX,United States
76123,TX,United States
76126,TX,United States
76127,TX,United States
76129,TX,United States
76131,TX,United States
76132,TX,United States
76133,TX,United States
76134,TX,United States
76135,TX,United States
76137,TX,United States
76140,TX,United States
76148,TX,United States
76155,TX,United States
76161,TX,United States
76164,TX,United States
76177,TX,United States
76179,TX,United States
76180,TX,United States
76182,TX,United States
76201,TX,United States
76202,TX,United States
76203,TX,United States
76204,TX,United States
76205,TX,United States
76206,TX,United States
76207,TX,United States
76208,TX,United States
76209,TX,United States
76210,TX,United States
76225,TX,United States
76226,TX,United States
76227,TX,United States
76228,TX,United States
76233,TX,United States
76234,TX,United States
76240,TX,United States
76244,TX,United States
76247,TX,United States
76248,TX,United States
76249,TX,United States
76250,TX,United States
76251,TX,United States
76252,TX,United States
76253,TX,United States
76255,TX,United States
76258,TX,United States
76259,TX,United States
76261,TX,United States
76262,TX,United States
76264,TX,United States
76265,TX,United States
76267,TX,United States
76268,TX,United States
76270,TX,United States
76271,TX,United States
76272,TX,United States
76273,TX,United States
76401,TX,United States
76426,TX,United States
76431,TX,United States
76433,TX,United States
76449,TX,United States
76453,TX,United States
76458,TX,United States
76462,TX,United States
76472,TX,United States
76476,TX,United States
76484,TX,United States
76486,TX,United States
76487,TX,United States
76490,TX,United States
76501,TX,United States
76502,TX,United States
76503,TX,United States
76504,TX,United States
76508,TX,United States
76511,TX,United States
76513,TX,United States
76518,TX,United States
76519,TX,United States
76520,TX,United States
76522,TX,United States
76524,TX,United States
76527,TX,United States
76530,TX,United States
76534,TX,United States
76537,TX,United States
76539,TX,United States
76540,TX,United States
76541,TX,United States
76542,TX,United States
76543,TX,United States
76544,TX,United States
76548,TX,United States
76549,TX,United States
76554,TX,United States
76556,TX,United States
76557,TX,United States
76559,TX,United States
76564,TX,United States
76567,TX,United States
76569,TX,United States
76571,TX,United States
76574,TX,United States
76577,TX,United States
76578,TX,United States
76579,TX,United States
76621,TX,United States
76623,TX,United States
76626,TX,United States
76627,TX,United States
76628,TX,United States
76630,TX,United States
76631,TX,United States
76636,TX,United States
76639,TX,United States
76641,TX,United States
76643,TX,United States
76645,TX,United States
76648,TX,United States
76650,TX,United States
76651,TX,United States
76652,TX,United States
76655,TX,United States
76656,TX,United States
76657,TX,United States
76660,TX,United States
76666,TX,United States
76670,TX,United States
76671,TX,United States
76673,TX,United States
76676,TX,United States
76679,TX,United States
76681,TX,United States
76690,TX,United States
76692,TX,United States
76706,TX,United States
76798,TX,United States
77002,TX,United States
77003,TX,United States
77004,TX,United States
77005,TX,United States
77006,TX,United States
77007,TX,United States
77008,TX,United States
77009,TX,United States
77010,TX,United States
77011,TX,United States
77012,TX,United States
77013,TX,United States
77014,TX,United States
77015,TX,United States
77016,TX,United States
77017,TX,United States
77018,TX,United States
77019,TX,United States
77020,TX,United States
77021,TX,United States
77022,TX,United States
77023,TX,United States
77024,TX,United States
77025,TX,United States
77026,TX,United States
77027,TX,United States
77028,TX,United States
77029,TX,United States
77030,TX,United States
77031,TX,United States
77032,TX,United States
77033,TX,United States
77034,TX,United States
77035,TX,United States
77036,TX,United States
77037,TX,United States
77038,TX,United States
77039,TX,United States
77040,TX,United States
77041,TX,United States
77042,TX,United States
77043,TX,United States
77044,TX,United States
77045,TX,United States
77046,TX,United States
77047,TX,United States
77048,TX,United States
77049,TX,United States
77050,TX,United States
77051,TX,United States
77053,TX,United States
77054,TX,United States
77055,TX,United States
77056,TX,United States
77057,TX,United States
77058,TX,United States
77059,TX,United States
77060,TX,United States
77061,TX,United States
77062,TX,United States
77063,TX,United States
77064,TX,United States
77065,TX,United States
77066,TX,United States
77067,TX,United States
77068,TX,United States
77069,TX,United States
77070,TX,United States
77071,TX,United States
77072,TX,United States
77073,TX,United States
77074,TX,United States
77075,TX,United States
77076,TX,United States
77077,TX,United States
77078,TX,United States
77079,TX,United States
77080,TX,United States
77081,TX,United States
77082,TX,United States
77083,TX,United States
77084,TX,United States
77085,TX,United States
77086,TX,United States
77087,TX,United States
77088,TX,United States
77089,TX,United States
77090,TX,United States
77091,TX,United States
77092,TX,United States
77093,TX,United States
77094,TX,United States
77095,TX,United States
77096,TX,United States
77098,TX,United States
77099,TX,United States
77302,TX,United States
77320,TX,United States
77336,TX,United States
77338,TX,United States
77339,TX,United States
77345,TX,United States
77346,TX,United States
77354,TX,United States
77355,TX,United States
77356,TX,United States
77357,TX,United States
77362,TX,United States
77365,TX,United States
77373,TX,United States
77375,TX,United States
77379,TX,United States
77380,TX,United States
77381,TX,United States
77382,TX,United States
77384,TX,United States
77385,TX,United States
77386,TX,United States
77388,TX,United States
77389,TX,United States
77396,TX,United States
77401,TX,United States
77407,TX,United States
77410,TX,United States
77414,TX,United States
77417,TX,United States
77418,TX,United States
77420,TX,United States
77422,TX,United States
77423,TX,United States
77429,TX,United States
77430,TX,United States
77433,TX,United States
77434,TX,United States
77435,TX,United States
77437,TX,United States
77441,TX,United States
77444,TX,United States
77445,TX,United States
77447,TX,United States
77449,TX,United States
77450,TX,United States
77451,TX,United States
77455,TX,United States
77456,TX,United States
77459,TX,United States
77461,TX,United States
77463,TX,United States
77464,TX,United States
77468,TX,United States
77469,TX,United States
77471,TX,United States
77474,TX,United States
77477,TX,United States
77478,TX,United States
77479,TX,United States
77480,TX,United States
77482,TX,United States
77484,TX,United States
77485,TX,United States
77486,TX,United States
77488,TX,United States
77489,TX,United States
77493,TX,United States
77494,TX,United States
77497,TX,United States
77498,TX,United States
77502,TX,United States
77503,TX,United States
77504,TX,United States
77505,TX,United States
77506,TX,United States
77507,TX,United States
77510,TX,United States
77511,TX,United States
77512,TX,United States
77514,TX,United States
77515,TX,United States
77517,TX,United States
77518,TX,United States
77520,TX,United States
77521,TX,United States
77523,TX,United States
77530,TX,United States
77531,TX,United States
77532,TX,United States
77534,TX,United States
77535,TX,United States
77536,TX,United States
77539,TX,United States
77541,TX,United States
77545,TX,United States
77546,TX,United States
77547,TX,United States
77550,TX,United States
77551,TX,United States
77554,TX,United States
77560,TX,United States
77562,TX,United States
77563,TX,United States
77565,TX,United States
77566,TX,United States
77568,TX,United States
77571,TX,United States
77573,TX,United States
77575,TX,United States
77577,TX,United States
77578,TX,United States
77581,TX,United States
77583,TX,United States
77584,TX,United States
77586,TX,United States
77587,TX,United States
77588,TX,United States
77590,TX,United States
77591,TX,United States
77592,TX,United States
77597,TX,United States
77598,TX,United States
77650,TX,United States
77702,TX,United States
77705,TX,United States
77707,TX,United States
77713,TX,United States
77833,TX,United States
77840,TX,United States
77841,TX,United States
77842,TX,United States
77844,TX,United States
77954,TX,United States
77957,TX,United States
77963,TX,United States
77964,TX,United States
77968,TX,United States
77974,TX,United States
77975,TX,United States
77984,TX,United States
77987,TX,United States
77993,TX,United States
77994,TX,United States
77995,TX,United States
78101,TX,United States
78108,TX,United States
78111,TX,United States
78114,TX,United States
78116,TX,United States
78118,TX,United States
78121,TX,United States
78122,TX,United States
78123,TX,United States
78124,TX,United States
78130,TX,United States
78132,TX,United States
78140,TX,United States
78141,TX,United States
78143,TX,United States
78148,TX,United States
78151,TX,United States
78152,TX,United States
78154,TX,United States
78155,TX,United States
78159,TX,United States
78160,TX,United States
78161,TX,United States
78164,TX,United States
78223,TX,United States
78336,TX,United States
78382,TX,United States
78402,TX,United States
78404,TX,United States
78405,TX,United States
78406,TX,United States
78408,TX,United States
78409,TX,United States
78411,TX,United States
78412,TX,United States
78413,TX,United States
78414,TX,United States
78415,TX,United States
78416,TX,United States
78417,TX,United States
78418,TX,United States
78602,TX,United States
78606,TX,United States
78608,TX,United States
78610,TX,United States
78611,TX,United States
78612,TX,United States
78613,TX,United States
78614,TX,United States
78615,TX,United States
78617,TX,United States
78619,TX,United States
78620,TX,United States
78621,TX,United States
78622,TX,United States
78623,TX,United States
78624,TX,United States
78626,TX,United States
78628,TX,United States
78629,TX,United States
78632,TX,United States
78633,TX,United States
78634,TX,United States
78636,TX,United States
78638,TX,United States
78639,TX,United States
78640,TX,United States
78641,TX,United States
78642,TX,United States
78643,TX,United States
78644,TX,United States
78645,TX,United States
78648,TX,United States
78650,TX,United States
78652,TX,United States
78653,TX,United States
78654,TX,United States
78655,TX,United States
78656,TX,United States
78657,TX,United States
78658,TX,United States
78660,TX,United States
78661,TX,United States
78664,TX,United States
78665,TX,United States
78666,TX,United States
78669,TX,United States
78670,TX,United States
78674,TX,United States
78676,TX,United States
78677,TX,United States
78680,TX,United States
78681,TX,United States
78691,TX,United States
78701,TX,United States
78717,TX,United States
78726,TX,United States
78727,TX,United States
78728,TX,United States
78729,TX,United States
78730,TX,United States
78732,TX,United States
78734,TX,United States
78735,TX,United States
78736,TX,United States
78737,TX,United States
78738,TX,United States
78739,TX,United States
78744,TX,United States
78747,TX,United States
78748,TX,United States
78749,TX,United States
78750,TX,United States
78752,TX,United States
78759,TX,United States
78761,TX,United States
78933,TX,United States
78934,TX,United States
78941,TX,United States
78942,TX,United States
78953,TX,United States
78959,TX,United States
